Index Name,Exchange,Tier / Category,Constituents / Universe,Market Coverage,Key Constituents,Description,Google Finance Link,NSE / BSE Official Link
"NIFTY 50","NSE","Headline Benchmark","50 Blue-Chip Stocks","~60% of NSE free-float market capitalisation","Reliance Industries, HDFC Bank, ICICI Bank, Infosys, TCS, ITC, Bharti Airtel, L&T","The most heavily traded and tracked benchmark index in India. It tracks the 50 largest, most liquid blue-chip companies listed on the NSE across key sectors.","https://www.google.com/finance/quote/NIFTY_50:INDEXNSE","https://www.nseindia.com/products-services/indices-nifty50-index"
"BSE SENSEX","BSE","Headline Benchmark","30 Large Established Companies","India's oldest stock market index (launched 1986)","Reliance, TCS, HDFC Bank, Infosys, ICICI Bank, Hindustan Unilever, SBI, L&T","India's oldest stock market index (launched in 1986). It comprises 30 large, established, and financially sound companies listed on the BSE, weighted by free-float market capitalisation.","https://www.google.com/finance/quote/SENSEX:INDEXBOM","https://www.bseindia.com/markets/equity/EQReports/SensexHistory.aspx"
"NIFTY Next 50","NSE","Large-Cap","50 Companies (Rank 51–100)","Pipeline for future NIFTY 50 constituents (~10% of NSE M-Cap)","Trent, Bharat Electronics (BEL), HAL, Cholamandalam, TVS Motor, Vedanta, Zomato","Tracks companies ranked 51–100 by market cap; often viewed as the pipeline for future NIFTY 50 constituents with strong secular growth potential.","https://www.google.com/finance/quote/NIFTY_NEXT_50:INDEXNSE","https://www.nseindia.com/products-services/indices-niftynext50-index"
"NIFTY 100 / BSE 100","NSE & BSE","Large-Cap","Top 100 Large-Cap Companies","Combined NIFTY 50 + NIFTY Next 50 (~70% of total market cap)","Consolidated top 100 large-cap leaders across private and public sectors","Combines NIFTY 50 and NIFTY Next 50, capturing the top 100 large-cap names and roughly 70% of total Indian listed equity capitalisation.","https://www.google.com/finance/quote/NIFTY_100:INDEXNSE","https://www.nseindia.com/products-services/indices-nifty100-index"
"NIFTY Midcap 150 / NIFTY Midcap 100","NSE","Mid-Cap","150 Mid-Cap Companies (Rank 101–250)","High-growth medium enterprises (~15% of market cap)","Persistent Systems, Cummins India, Suzlon Energy, Dixon Technologies, Indian Hotels","Measures companies ranked 101–250 by full market capitalisation on the NSE. Key benchmark for active mid-cap mutual funds.","https://www.google.com/finance/quote/NIFTY_MIDCAP_100:INDEXNSE","https://www.nseindia.com/products-services/indices-niftymidcap150-index"
"NIFTY Smallcap 250 / BSE SmallCap","NSE & BSE","Small-Cap","250 Emerging Companies (Rank 251–500)","Emerging dynamic small-cap companies (~10% of market cap)","Niche manufacturers, specialty chemicals, emerging fintech, infrastructure suppliers","Tracks smaller emerging companies (ranked 251–500 on the NSE). Features high growth velocity and dynamic industrial momentum.","https://www.google.com/finance/quote/NIFTY_SMLCAP_100:INDEXNSE","https://www.nseindia.com/products-services/indices-niftysmallcap250-index"
"NIFTY 500 / BSE 500","NSE & BSE","Comprehensive Broad Market","Top 500 Listed Companies","90–95% of total Indian equity market capitalisation","Complete equity universe encompassing large, mid, and small-cap leaders","Covers the top 500 listed companies, capturing around 90–95% of total market capitalisation and giving an all-encompassing view of India's equity market.","https://www.google.com/finance/quote/NIFTY_500:INDEXNSE","https://www.nseindia.com/products-services/indices-nifty500-index"
"NIFTY Bank (Bank Nifty)","NSE","Sectoral - Banking","12 Most Liquid Banking Leaders","Most heavily traded derivatives index after NIFTY 50","HDFC Bank, ICICI Bank, State Bank of India (SBI), Axis Bank, Kotak Mahindra Bank","The most actively traded derivative index after NIFTY 50. Tracks the 12 most liquid banking stocks (both private and public sector lenders).","https://www.google.com/finance/quote/NIFTY_BANK:INDEXNSE","https://www.nseindia.com/products-services/indices-niftybank-index"
"NIFTY IT","NSE","Sectoral - Technology","Top 10 Indian IT Exporters","Global software services, AI & digital transformation exporters","Tata Consultancy Services (TCS), Infosys, HCLTech, Wipro, Tech Mahindra, LTIMindtree","Tracks major global software services exporters such as TCS, Infosys, and HCLTech. Key bellwether for technology exports.","https://www.google.com/finance/quote/NIFTY_IT:INDEXNSE","https://www.nseindia.com/products-services/indices-niftyit-index"
"NIFTY Auto","NSE","Sectoral - Automobiles","15 Vehicle & Auto-Ancillary Makers","2-wheelers, commercial vehicles, passenger cars & EV manufacturers","Tata Motors, Mahindra & Mahindra (M&M), Maruti Suzuki, Bajaj Auto, Hero MotoCorp, Eicher","Measures two-wheeler, commercial vehicle, and passenger car manufacturers reflecting nationwide transport and consumer demand.","https://www.google.com/finance/quote/NIFTY_AUTO:INDEXNSE","https://www.nseindia.com/products-services/indices-niftyauto-index"
"NIFTY Pharma & Healthcare","NSE","Sectoral - Healthcare","20 Pharma, API & Hospital Chains","Generic drugs, API makers & nationwide hospital networks","Sun Pharma, Cipla, Dr. Reddy's Labs, Divi's Labs, Apollo Hospitals, Torrent Pharma","Reflects generic pharmaceutical manufacturers, active pharmaceutical ingredient (API) makers, and hospital chains.","https://www.google.com/finance/quote/NIFTY_PHARMA:INDEXNSE","https://www.nseindia.com/products-services/indices-niftypharma-index"
"NIFTY FMCG","NSE","Sectoral - Consumer Goods","15 Fast-Moving Consumer Goods Giants","Defensive sector; household staples, packaged foods & personal care","Hindustan Unilever (HUL), ITC, Nestle India, Britannia Industries, Godrej Consumer, Dabur","Tracks leading fast-moving consumer goods giants like Hindustan Unilever and ITC with steady domestic consumption and cash flows.","https://www.google.com/finance/quote/NIFTY_FMCG:INDEXNSE","https://www.nseindia.com/products-services/indices-niftyfmcg-index"
"NIFTY Metal","NSE","Sectoral - Metals & Mining","15 Mining, Steel & Non-Ferrous Heavyweights","Cyclical commodity producers, infrastructure supply chain","Tata Steel, JSW Steel, Hindalco Industries, Coal India, Vedanta, NMDC, Jindal Steel","Measures cyclical sectors like steel, aluminium, and mining, highly correlated with domestic construction and global commodity prices.","https://www.google.com/finance/quote/NIFTY_METAL:INDEXNSE","https://www.nseindia.com/products-services/indices-niftymetal-index"
"NIFTY Energy","NSE","Sectoral - Energy & Utilities","10 Energy, Petroleum & Power Producers","Oil & gas, power generation, refining & renewables","Reliance Industries, NTPC, ONGC, Power Grid Corp, BPCL, Tata Power, Adani Green","Tracks oil & gas, power, petroleum refining, and renewable energy producers powering India's industrial infrastructure.","https://www.google.com/finance/quote/NIFTY_ENERGY:INDEXNSE","https://www.nseindia.com/products-services/indices-niftyenergy-index"
"NIFTY Realty","NSE","Sectoral - Real Estate","10 Premier Real Estate Developers","Residential housing, commercial REITs & urban construction","DLF, Godrej Properties, Macrotech Developers (Lodha), Oberoi Realty, Phoenix Mills","Tracks real estate developers and commercial property builders across residential housing and commercial office developments.","https://www.google.com/finance/quote/NIFTY_REALTY:INDEXNSE","https://www.nseindia.com/products-services/indices-niftyrealty-index"
"NIFTY PSE","NSE","Sectoral - Public Sector","20 Central Government / State-Owned Enterprises","Maharatna & Navratna state-owned enterprises (PSUs)","State Bank of India (SBI), Coal India, Bharat Electronics (BEL), NTPC, ONGC, PFC, REC, HAL","Tracks Public Sector Enterprises (state-owned companies) providing strategic infrastructure, sovereign utilities, and high dividend yields.","https://www.google.com/finance/quote/NIFTY_PSE:INDEXNSE","https://www.nseindia.com/products-services/indices-niftycpse-index"
